{
    "Version": "2012-10-17",
    "Statement": [
        {
            "Sid": "VisualEditor0",
            "Effect": "Allow",
            "Action": [
                "dynamodb:DescribeContributorInsights",
                "dynamodb:RestoreTableToPointInTime",
                "dynamodb:UpdateGlobalTable",
                "dynamodb:DeleteTable",
                "dynamodb:UpdateTableReplicaAutoScaling",
                "dynamodb:DescribeTable",
                "dynamodb:PartiQLInsert",
                "dynamodb:GetItem",
                "dynamodb:DescribeContinuousBackups",
                "dynamodb:DescribeExport",
                "dynamodb:ListImports",
                "dynamodb:EnableKinesisStreamingDestination",
                "dynamodb:BatchGetItem",
                "dynamodb:DisableKinesisStreamingDestination",
                "dynamodb:UpdateTimeToLive",
                "dynamodb:BatchWriteItem",
                "dynamodb:PutItem",
                "dynamodb:PartiQLUpdate",
                "dynamodb:Scan",
                "dynamodb:StartAwsBackupJob",
                "dynamodb:UpdateItem",
                "dynamodb:UpdateGlobalTableSettings",
                "dynamodb:CreateTable",
                "dynamodb:RestoreTableFromAwsBackup",
                "dynamodb:GetShardIterator",
                "dynamodb:DescribeReservedCapacity",
                "dynamodb:ExportTableToPointInTime",
                "dynamodb:DescribeEndpoints",
                "dynamodb:DescribeBackup",
                "dynamodb:UpdateTable",
                "dynamodb:GetRecords",
                "dynamodb:DescribeTableReplicaAutoScaling",
                "dynamodb:DescribeImport",
                "dynamodb:ListTables",
                "dynamodb:DeleteItem",
                "dynamodb:PurchaseReservedCapacityOfferings",
                "dynamodb:CreateTableReplica",
                "dynamodb:ListTagsOfResource",
                "dynamodb:UpdateContributorInsights",
                "dynamodb:CreateBackup",
                "dynamodb:UpdateContinuousBackups",
                "dynamodb:DescribeReservedCapacityOfferings",
                "dynamodb:PartiQLSelect",
                "dynamodb:UpdateGlobalTableVersion",
                "dynamodb:CreateGlobalTable",
                "dynamodb:DescribeKinesisStreamingDestination",
                "dynamodb:DescribeLimits",
                "dynamodb:ImportTable",
                "dynamodb:ListExports",
                "dynamodb:ConditionCheckItem",
                "dynamodb:ListBackups",
                "dynamodb:Query",
                "dynamodb:DescribeStream",
                "dynamodb:DeleteTableReplica",
                "dynamodb:DescribeTimeToLive",
                "dynamodb:ListStreams",
                "dynamodb:ListContributorInsights",
                "dynamodb:DescribeGlobalTableSettings",
                "dynamodb:ListGlobalTables",
                "dynamodb:DescribeGlobalTable",
                "dynamodb:RestoreTableFromBackup",
                "dynamodb:DeleteBackup",
                "dynamodb:PartiQLDelete"
            ],
            "Resource": "*"
        }
    ]
}